lambda,X,W,L
0.05,0.04909722222222222,12.9838696352545,0.2111111111111111
0.1,0.09881944444444443,45.50915856147547,3.8402777777777777
0.2,0.11579861111111112,751.9536368653576,150.45520833333333
0.4,0.11489583333333334,1261.0522360524387,501.45590277777774
0.63,0.11413194444444444,1475.4120839259378,927.3590277777778
0.8,0.11399305555555556,1536.4006890256023,1225.3892361111111
1.0,0.11510416666666667,1594.2119366249117,1587.7527777777777
